Product Name,Role Assigned,Price (CAD),Total Score,Sources Count,CNN Underscored - Label,CNN Underscored - Points,Consumer Reports - Label,Consumer Reports - Points,NBC Select - Label,NBC Select - Points,Wirecutter - Label,Wirecutter - Points,Why Picked
Graduated Compression Socks by Dr. Scholl’s,Best Overall,9.47,2.0,1,,,,,,,Top Pick,2.0,Highest weighted score (2.0 pts from 1 source(s)).
Ostrichpillow Bamboo Compression Socks,,39.99,2.0,1,,,,,Best overall,2.0,,,
Wellow Knee High Compression Socks,Best Budget,14.6,1.5,1,,,,,Expert pick,1.5,,,Highest score under $45 (1.5 pts from 1 source(s)).
Copper Fit Energy Compression Socks,,19.99,1.5,1,Budget compression socks for travel,1.5,,,,,,,
Comrad CloudCotton Compression Socks,Best For Specific Use Case,20.8,1.5,1,,,,,Best for daily wear,1.5,,,Top for 'Best for daily wear' (1.5 pts from 1 source(s)).
"Amazon Essentials Men's Knee-High Graduated Compression Socks, 3-Pack",,24.99,1.5,1,Budget compression socks for travel,1.5,,,,,,,
CoolMax Socks by Under Armour,,25.0,1.5,1,,,,,,,Runner-up,1.5,
"Goldtoe Men's Mild Compression Over-The-Calf Socks, 3-Pack",,34.73,1.5,1,Budget compression socks for travel,1.5,,,,,,,
SockWell Men's Circulator Moderate Graduated Compression Socks,,39.99,1.5,1,Premium compression socks for travel,1.5,,,,,,,
Comrad Nylon Knee-High Compression Socks,,43.99,1.5,1,Premium compression socks for travel,1.5,,,,,,,
Wellow Regular Compression Socks,,43.99,1.5,1,Premium compression socks for travel,1.5,,,,,,,
Pro Compression Marathon Calf-Length Compression Socks,,47.0,1.5,1,Premium compression socks for travel,1.5,,,,,,,
Jobst Activewear Knee-High Compression Socks,,50.0,1.5,1,Premium compression socks for travel,1.5,,,,,,,
"Dickies Men's Light Compression Over-The-Calf Socks, 2-Pack",,51.53,1.5,1,Budget compression socks for travel,1.5,,,,,,,
Feetures Compression Knee-High Socks,,54.99,1.5,1,,,,,Best for exercise,1.5,,,
Physix Gear Compression Socks,,118.49,1.5,1,,,,,Best firm pressure,1.5,,,
"Bombas Men's Everyday Compression Socks, 3-Pack",,120.0,1.5,1,Premium compression socks for travel,1.5,,,,,,,
"Bombas Women's Everyday Compression Socks, 3-Pack",Best Upgrade,120.0,1.5,1,Premium compression socks for travel,1.5,,,,,,,Highest score above $90 (1.5 pts from 1 source(s)).
"Amazon Essentials Women's Knee-High Compression Socks, 3-Pack",,,1.5,1,Budget compression socks for travel,1.5,,,,,,,
"Athbavib Zipper Compression Socks, 2-Pack",,,1.5,1,Budget compression socks for travel,1.5,,,,,,,
SockWell Women's Circulator Moderate Graduated Compression Socks,,,1.5,1,Premium compression socks for travel,1.5,,,,,,,
ZenToes Compression Socks With Targeted Cushioning,,,1.5,1,Premium compression socks for travel,1.5,,,,,,,
PhysFlex Pro Compression Socks,,17.99,1.0,1,,,Mentioned,1.0,,,,,
J.B. Field's - Arriva Graduated Holofiber Compression Socks,Best Canadian Option,9.99,0,0,,,,,,,,,Made/assembled in Canada (not reviewer-backed).
365*CONFORT*PLUS - 2 PAIRES - TD-6240,,18.0,0,0,,,,,,,,,
EC3D Merino Cool Yummy Stockings,,19.99,0,0,,,,,,,,,
Retro Renegade+ 20-30mmHg,,175.0,0,0,,,,,,,,,
YoU Compression® Black & Grey Marl CUSHION • 20-30 mmHg Ankle Socks,,,0,0,,,,,,,,,
