Product Name,Role Assigned,Price (CAD),Total Score,Sources Count,goodhousekeeping.com - Label,goodhousekeeping.com - Points,reviewed.com - Label,reviewed.com - Points,wirecutter.com - Label,wirecutter.com - Points,Why Picked
Peloton Bike+,Best Overall,3495.0,5.5,3,Best Smart Exercise Bike,1.5,Best Overall,2.0,Best Overall Connected Spin Bike,2.0,Highest weighted score (5.5 pts from 3 source(s)).
Schwinn IC4 Indoor Cycling Bike,Best For Specific Use Case,1099.0,5.0,3,Best Overall Exercise Bike,2.0,Best Basic Bike,1.5,"Best Mid-Range Value Under $1,000",1.5,Top for 'Best Basic Bike' (5.0 pts from 3 source(s)).
NordicTrack Commercial S22i Studio Cycle,,2699.99,4.0,3,Best Exercise Bike for Multiple Users,1.5,Mentioned,1.0,Best for Terrain Simulation,1.5,
Sunny Health & Fitness SF-B901 Belt Drive Indoor Cycling Bike,Best Budget,559.98,2.5,2,Best Value Exercise Bike,1.5,Mentioned,1.0,,,Highest score under $800 (2.5 pts from 2 source(s)).
Echelon Connect EX-5S,,1599.99,2.5,2,Best Value Smart Exercise Bike,1.5,Mentioned,1.0,,,
Freebeat Boom Bike,,699.0,1.5,1,Best Exercise Bike for Immersive Experience,1.5,,,,,
Schwinn 230 Recumbent Bike,,749.99,1.5,1,Best Recumbent Exercise Bike,1.5,,,,,
Assault Fitness AirBike,,899.0,1.5,1,Best Air Exercise Bike,1.5,,,,,
Horizon Fitness 7.0 IC Indoor Cycle Bike,,1299.0,1.5,1,Best Exercise Bike for Beginners,1.5,,,,,
MYXfitness MYX II,,1399.0,1.5,1,,,Best Value,1.5,,,
Wahoo KICKR Bike Shift,,2549.99,1.5,1,,,,,Best for Road Cyclists & Triathletes,1.5,
Keiser M3i Studio Plus Indoor Bike,Best Upgrade,3490.0,1.5,1,,,,,Best Commercial-Grade Durability & Quietness,1.5,Highest score above $2000 (1.5 pts from 1 source(s)).
Carol Bike,,,1.5,1,Best AI-Powered Exercise Bike,1.5,,,,,
Bowflex C6,,999.0,1.0,1,,,Mentioned,1.0,,,
Peloton Bike,,2525.23,1.0,1,,,Mentioned,1.0,,,
Echelon EX-8S,,2739.99,1.0,1,,,Mentioned,1.0,,,
SoulCycle At-Home Bike,,2999.99,1.0,1,,,Mentioned,1.0,,,
VO3 Fitness S50 Residential Spin Bike,Best Canadian Option,50.0,0,0,,,,,,,Canadian-owned brand (not reviewer-backed).
Ascend S2 Magnetic Spin Bike,,599.0,0,0,,,,,,,
IRONSIDE Commercial Spin Bike,,1370.0,0,0,,,,,,,
Spirit XBR55ENT Recumbent Bike,,2599.99,0,0,,,,,,,
