Product Name,Role Assigned,Price (CAD),Total Score,Sources Count,RTINGS - Label,RTINGS - Points,SoundGuys - Label,SoundGuys - Points,TechGearLab - Label,TechGearLab - Points,The Verge - Label,The Verge - Points,Why Picked
Apple AirPods Pro (3rd Generation),Best Overall,278.99,6.0,4,Best Earbuds For iPhone,1.5,Best earbuds for iPhone,1.5,Best Earbuds for iPhones,1.5,Best for iPhone users,1.5,Highest weighted score (6.0 pts from 4 source(s)).
Sennheiser Momentum True Wireless 4,Best Upgrade,429.95,5.0,4,Mentioned,1.0,Notable Mention,1.0,Absolutely the Best Sound,1.5,Best sound quality,1.5,Highest score above $250 (5.0 pts from 4 source(s)).
Bose QuietComfort Ultra Earbuds (2nd Generation),,329.0,4.5,3,,,Notable Mention,1.0,Best All-Around Buds,2.0,Best noise-canceling,1.5,
Google Pixel Buds Pro 2,Best For Specific Use Case,239.0,4.0,3,,,Notable Mention,1.0,Best Earbuds for Android,1.5,Best earbuds for Google Pixel phone owners,1.5,Top for 'Notable Mention' (4.0 pts from 3 source(s)).
Sony WF-1000XM6,,349.99,4.0,2,Best Wireless Earbuds,2.0,Best earbuds overall,2.0,,,,,
CMF Buds 2 Plus,,89.99,3.0,2,,,Best budget wireless earbuds,1.5,Best Earbuds on Budget,1.5,,,
Nothing Ear (1st Generation),,199.0,3.0,2,Best Lower Mid-Range Wireless Earbuds,1.5,,,Best Mid-Range Budget Buds,1.5,,,
Samsung Galaxy Buds 3 Pro,,229.99,3.0,2,,,,,Perfect for Partnering with Samsung,1.5,Best earbuds for Samsung Galaxy phone owners,1.5,
Beats Powerbeats Pro 2,,349.95,3.0,2,,,Best earbuds for working out,1.5,,,Best for working out,1.5,
Sony WF-1000XM5,,429.99,3.0,2,,,Notable Mention,1.0,,,Best overall,2.0,
Technics EAH-AZ100,,,3.0,2,Best Upper Mid-Range Wireless Earbuds,1.5,Best earbuds for Android,1.5,,,,,
Apple AirPods (4th Generation),,179.0,2.5,2,,,Notable Mention,1.0,,,Best earbuds for voice calls on iPhone,1.5,
Beats Studio Buds Plus,,179.94,2.5,2,,,Notable Mention,1.0,,,Best earbuds if you own both Apple and Android devices,1.5,
Technics EAH-AZ80,,248.0,2.5,2,Best Mid-Range Wireless Earbuds,1.5,Notable Mention,1.0,,,,,
CMF Buds Pro 2,Best Budget,69.99,2.0,2,Mentioned,1.0,Notable Mention,1.0,,,,,Highest score under $80 (2.0 pts from 2 source(s)).
JLab Go Pop+,,34.99,1.5,1,,,,,Best on the Tightest Budget,1.5,,,
Anker Soundcore P31i,,69.99,1.5,1,Best Cheap Wireless Earbuds,1.5,,,,,,,
EarFun Air Pro 4+,,99.99,1.5,1,,,Best wireless earbuds under $100,1.5,,,,,
Nothing Ear (a),,129.99,1.5,1,,,,,,,Best budget pick,1.5,
Anker Soundcore Liberty 4 Pro,,199.99,1.5,1,,,Best value wireless earbuds,1.5,,,,,
Bose Ultra Open Earbuds,,329.0,1.5,1,,,,,Favorite All-day Comfort and Fit,1.5,,,
Samsung Galaxy Buds 4 Pro,,329.98,1.5,1,,,Best earbuds for Samsung,1.5,,,,,
Bowers & Wilkins Pi8,,549.0,1.5,1,,,Best premium wireless earbuds,1.5,,,,,
Anker Soundcore Space A40 Truly Wireless,,,1.5,1,Best Budget Wireless Earbuds,1.5,,,,,,,
EarFun Air Pro 4,,7.69,1.0,1,,,Notable Mention,1.0,,,,,
JLab GO Air Pop True Wireless,,34.97,1.0,1,Mentioned,1.0,,,,,,,
Moondrop Space Travel,,39.99,1.0,1,,,Notable Mention,1.0,,,,,
JBL Vibe Buds True Wireless,,99.98,1.0,1,Mentioned,1.0,,,,,,,
SoundPEATS Capsule3 Pro+,,99.99,1.0,1,,,Notable Mention,1.0,,,,,
Samsung Galaxy Buds 3 FE,,101.21,1.0,1,,,Notable Mention,1.0,,,,,
Anker Soundcore Liberty 4 NC,,109.99,1.0,1,,,Notable Mention,1.0,,,,,
Sony WF-C710N,,129.99,1.0,1,,,Notable Mention,1.0,,,,,
Creative Aurvana Ace 3,,199.99,1.0,1,,,Notable Mention,1.0,,,,,
Nothing Ear (3rd Generation),,264.99,1.0,1,,,Notable Mention,1.0,,,,,
JBL Tour Pro 3,,298.0,1.0,1,,,Notable Mention,1.0,,,,,
JLab Epic Lab Edition,,494.98,1.0,1,,,Notable Mention,1.0,,,,,
Master & Dynamic MW09,,585.0,1.0,1,,,Notable Mention,1.0,,,,,
OnePlus Buds 4,,,1.0,1,,,Notable Mention,1.0,,,,,
Earbit Smart Wireless Earbuds Powered by Amazon Alexa,Best Canadian Option,129.99,0,0,,,,,,,,,Canadian-owned brand (not reviewer-backed).
M4U TWM True Wireless Micro Planar Earphones,,299.0,0,0,,,,,,,,,
2boom Elite Earbuds,,,0,0,,,,,,,,,
