Product Name,Role Assigned,Price (CAD),Total Score,Sources Count,Business Insider - Label,Business Insider - Points,The Spruce - Label,The Spruce - Points,WIRED - Label,WIRED - Points,Wirecutter - Label,Wirecutter - Points,Why Picked
Room & Board Metro Sofa,,,3.5,2,,,Best Overall,2.0,,,Built-for-life,1.5,
Interior Define Sloan Custom Sofa,,1200.0,2.0,1,Best overall,2.0,,,,,,,
"Sabai The Elevate 86"" Sofa",,3809.0,2.0,1,,,,,,,Sleek and sustainable,2.0,
Albany Park Barton Sofa,,,2.0,1,,,,,Best Sofa for Just About Anybody,2.0,,,
IKEA Uppland Sofa,Best Overall,649.0,1.5,1,,,Best Budget,1.5,,,,,Highest weighted score (1.5 pts from 1 source(s)).
IKEA Kivik Sofa,Best Budget,799.0,1.5,1,,,,,,,Budget-minded,1.5,Highest score under $1500 (1.5 pts from 1 source(s)).
Burrow Range 3-Piece Sofa,Best For Specific Use Case,1304.0,1.5,1,,,,,,,Classy and compact,1.5,Top for 'Classy and compact' (1.5 pts from 1 source(s)).
"Article Ceni 83"" Sofa",Best Canadian Option,1449.0,1.5,1,,,,,,,Mid-century chic,1.5,Canadian-owned brand.
Quince Sierra Performance Velvet Curved Arm Sofa,,1450.0,1.5,1,Best value,1.5,,,,,,,
Burrow Nomad Sofa,,1462.0,1.5,1,Best for small spaces,1.5,,,,,,,
Koala Bangalow Modular Sofa,,2240.0,1.5,1,,,,,Best Modular Sofa,1.5,,,
Sundays Movie Night Sofa (Standard),,3160.0,1.5,1,Best Cloud couch dupe,1.5,,,,,,,
Crate & Barrel Lounge Sofa,,3409.0,1.5,1,,,Best Low Back,1.5,,,,,
Sixpenny Elias Sectional,,3549.0,1.5,1,Best sectional,1.5,,,,,,,
BenchMade Modern Tyler Sofa,,3796.0,1.5,1,Best custom,1.5,,,,,,,
Sundays Sleep Over Sofa Bed,,3850.0,1.5,1,,,Best Sleeper,1.5,,,,,
BenchMade Modern Eva Sofa,,4110.0,1.5,1,,,,,,,Curvy and customizable,1.5,
Lovsac Three-Seat Sactional Couch,,4416.0,1.5,1,Best modular,1.5,,,,,,,
Sixpenny Aria Grande Sectional,,4649.0,1.5,1,,,,,,,Cloud-like comfort,1.5,
Thuma Essential L Island Sectional,Best Upgrade,7640.0,1.5,1,,,,,Easiest Couch to Assemble,1.5,,,Highest score above $3500 (1.5 pts from 1 source(s)).
Burrow Block Nomad Sofa,,,1.5,1,,,Most Durable,1.5,,,,,
Joybird Wilder Sleeper Sectional,,,1.5,1,Best for pet parents,1.5,,,,,,,
Medley Lala Modern Organic Sofa,,,1.5,1,,,,,Best Organic Sofa,1.5,,,
Sixpenny Devyn Sectional,,,1.5,1,,,Best Deep-Seated,1.5,,,,,
West Elm Harmony Modular Sleeper Sectional,,,1.5,1,,,Most Comfortable,1.5,,,,,
West Elm Shelter Sleeper Sofa,,,1.5,1,Best sleeper,1.5,,,,,,,
Gene Fabric Sofa,,1150.0,0,0,,,,,,,,,
DR 2025 Sofa,,1199.0,0,0,,,,,,,,,
"Oskar 85"" Sofa",,1799.0,0,0,,,,,,,,,
Athena Bermuda Zinc Right-Hand Facing Sofa,,3200.0,0,0,,,,,,,,,
Cavalia Apartment Sofa,,5199.0,0,0,,,,,,,,,
Atmosphere Modular Sofa,,,0,0,,,,,,,,,
Ruben Sofa,,,0,0,,,,,,,,,
Montauk Sofa,,,0,0,,,,,,,,,
Durant Three-Seater Sofa,,,0,0,,,,,,,,,
Athabasca Sofa,,,0,0,,,,,,,,,
Kenneth Sofa,,,0,0,,,,,,,,,
Leesburg Sofa,,,0,0,,,,,,,,,
L0086 Reclining Sofa,,,0,0,,,,,,,,,
