Product Name,Role Assigned,Price (CAD),Total Score,Sources Count,RTINGS - Label,RTINGS - Points,SoundGuys - Label,SoundGuys - Points,TechRadar - Label,TechRadar - Points,Why Picked
Sony WH-1000XM6,Best Overall,599.99,4.0,2,Best Noise Cancelling Headphones,2.0,The best for most,2.0,,,Highest weighted score (4.0 pts from 2 source(s)).
Anker Soundcore Life Q30,Best Budget,119.99,2.0,1,Best Lower Mid-Range Travel Headphones,2.0,,,,,Highest score under $200 (2.0 pts from 1 source(s)).
Bose QuietComfort Ultra Headphones,,399.0,2.0,1,,,,,Best overall,2.0,
Anker Soundcore Life Q20,,99.98,1.5,1,Best Budget Noise Cancelling Headphones,1.5,,,,,
Edifier W820NB Plus,,99.99,1.5,1,,,The best budget ANC,1.5,,,
JBL Tune 760NC,,189.98,1.5,1,Best Over-Ear Headphones Under $100 For Calls,1.5,,,,,
Anker Soundcore Space Q45,Best For Specific Use Case,199.99,1.5,1,Best Mid-Range Noise Cancelling Headphones,1.5,,,,,Top for 'Best Mid-Range Travel Headphones' (1.5 pts from 1 source(s)).
Sony WH-1000XM4,,269.99,1.5,1,Best Upper Mid-Range Noise Cancelling Headphones,1.5,,,,,
JBL Tour One M3,,499.98,1.5,1,,,The best features,1.5,,,
Bose QuietComfort Ultra Headphones (2nd Generation),,599.0,1.5,1,,,Close runner-up,1.5,,,
Apple AirPods Max (2nd Generation),Best Upgrade,799.0,1.5,1,,,The best ANC,1.5,,,Highest score above $450 (1.5 pts from 1 source(s)).
Puro Sound Labs PuroQuiet,,90.0,1.0,1,,,Notable Mention,1.0,,,
Sony WH-CH720N,,179.99,1.0,1,,,Notable Mention,1.0,,,
Sennheiser MOMENTUM 4 Wireless,,499.95,1.0,1,,,Notable Mention,1.0,,,
Marshall Monitor III ANC,,499.99,1.0,1,,,Notable Mention,1.0,,,
Bowers & Wilkins PX8,,849.0,1.0,1,,,Notable Mention,1.0,,,
M4U 9,Best Canadian Option,579.99,0,0,,,,,,,Canadian-owned brand (not reviewer-backed).
ov202w Wireless Over-Ear Headphones,,,0,0,,,,,,,
