Product Name,Role Assigned,Price (CAD),Total Score,Sources Count,GuideSpot - Label,GuideSpot - Points,InStyle - Label,InStyle - Points,Reviewed Canada - Label,Reviewed Canada - Points,Travel + Leisure - Label,Travel + Leisure - Points,Why Picked
UGG Scuffette II Slipper,Best Overall,124.99,5.0,3,Best Classic UGG,1.5,Best Mule,1.5,Best Overall,2.0,,,Highest weighted score (5.0 pts from 3 source(s)).
UGG Ansley Slipper,Best For Specific Use Case,140.0,3.0,2,Best Premium UGG,1.5,,,Best Full Coverage,1.5,,,Top for 'Best Full Coverage' (3.0 pts from 2 source(s)).
L.L.Bean Wicked Good Moccasins,Best Upgrade,145.0,3.0,2,,,Best Moccasin,1.5,,,Best Moccasins,1.5,Highest score above $100 (3.0 pts from 2 source(s)).
Dearfoams Sydney Shearling Scuff Slipper,,,3.0,2,Best Shearling Classic,1.5,,,Best Value,1.5,,,
Skechers BOBS Keepsakes Ice Angel Slippers,,65.0,2.5,2,Best Skechers Comfort,1.5,,,Mentioned,1.0,,,
Dream Pairs Fuzzy Cozy Slippers,,93.83,2.0,1,Best Overall Value,2.0,,,,,,,
UGG Cozy Shearling Mule Slippers,,150.0,2.0,1,,,,,,,Best Overall,2.0,
OluKai Ku'i Slip-On Slipper,,160.0,2.0,1,,,Best Overall,2.0,,,,,
Bearpaw Martis Slipper,Best Budget,19.96,1.5,1,,,,,,,Best Platform,1.5,Highest score under $50 (1.5 pts from 1 source(s)).
RockDrove Men's Original Memory Foam Slippers,,22.99,1.5,1,Best Budget Memory Foam,1.5,,,,,,,
Litfun Fuzzy Memory Foam Slippers,,23.99,1.5,1,Best UGG Alternative,1.5,,,,,,,
GOEWY Cozy Slippers,,43.99,1.5,1,Best Ultra Affordable,1.5,,,,,,,
Project Cloud Shearling Slippers,,59.95,1.5,1,Best Luxury Shearling,1.5,,,,,,,
ULTRAIDEAS Memory Foam Slippers,,68.71,1.5,1,Best Budget Friendly,1.5,,,,,,,
Bombas Gripper Slipper Bootie,,70.0,1.5,1,,,,,,,Best Booties,1.5,
Bombas Sunday Mule Slipper,,70.0,1.5,1,,,Best Memory Foam,1.5,,,,,
ThermalStep Heated Slippers,,79.99,1.5,1,,,,,,,Most Warm,1.5,
Cozy Earth Sheep Slide,,88.0,1.5,1,,,Best Indoor,1.5,,,,,
Sorel Nakiska Scuff Slipper,,89.95,1.5,1,Best Sorel Quality,1.5,,,,,,,
Bombas Plush Sunday Slide,,90.0,1.5,1,,,,,,,Best Slides,1.5,
Glerups 100% Wool Slip-On Slipper with Rubber Sole,,119.95,1.5,1,,,Best Slippers for Men,1.5,,,,,
UGG Tazz Slipper,,136.0,1.5,1,,,Best Outdoor,1.5,,,,,
Birkenstock Zermatt Shearling Clog Slipper,,139.0,1.5,1,,,Best for Plantar Fasciitis,1.5,,,,,
Glerups Wool Slip-On Slipper with Leather Sole,,140.0,1.5,1,,,,,,,Best Wool,1.5,
UGG Ascot Slipper,,150.0,1.5,1,,,,,,,Best Outdoor Slippers,1.5,
OluKai Pūpū Mua Slipper,,170.0,1.5,1,,,,,,,Most Supportive,1.5,
OluKai Moloa Slipper,,179.95,1.5,1,Best Premium Men,1.5,,,,,,,
Rothy's The Clog,,180.0,1.5,1,,,Best Machine Washable,1.5,,,,,
Cozy Earth Puffy Sheep Slipper,,,1.5,1,,,,,,,Best Shearling,1.5,
Dearfoams Fireside Shearling Scuff Slipper,,,1.5,1,,,Best Budget,1.5,,,,,
OluKai Hila Heu Slipper,,,1.5,1,,,Best for Wide Feet,1.5,,,,,
VeraCosy Corduroy Scuff Slippers,,,1.5,1,,,,,,,Best Corduroy,1.5,
Vionic Relax II Slippers,,,1.5,1,,,Best Podiatrist-Approved,1.5,,,,,
Jessica Simpson Comfy Faux Fur House Slipper,,28.99,1.0,1,,,,,Mentioned,1.0,,,
Dearfoams Jessica Furry Crossband Slide,,32.99,1.0,1,,,,,Mentioned,1.0,,,
Minnetonka Chesney Slippers,,49.33,1.0,1,,,,,Mentioned,1.0,,,
The North Face Thermoball Traction Mule V,,89.96,1.0,1,,,,,,,Mentioned,1.0,
UGG Fluff Yeah Slide,,91.73,1.0,1,,,,,Mentioned,1.0,,,
Birkenstock Boston Shearling Clog Slipper,,220.0,1.0,1,,,,,,,Mentioned,1.0,
Northern Lights Handmade Soft Sole Slip-On Booties,Best Canadian Option,45.0,0,0,,,,,,,,,Made/assembled in Canada (not reviewer-backed).
Ballerina Slippers 210L,,57.0,0,0,,,,,,,,,
Foamtreads Regal Black,,60.0,0,0,,,,,,,,,
Hand-knitted Wool Slippers,,82.49,0,0,,,,,,,,,
The Classic Slipper,,99.0,0,0,,,,,,,,,
Micro Mukluk,,99.97,0,0,,,,,,,,,
Squashy Crackle Kangaroo Lambskin Slippers,,130.0,0,0,,,,,,,,,
Men’s Lazybone Sheepskin Slippers,,140.0,0,0,,,,,,,,,
Suede Sheepskin Slippers,,300.0,0,0,,,,,,,,,
Heritage Premium Collection Winter Boots,,420.0,0,0,,,,,,,,,
Cabin Slippers,,,0,0,,,,,,,,,
The Michele Day Slipper,,,0,0,,,,,,,,,
