Product Name,Role Assigned,Price (CAD),Total Score,Sources Count,Bon Appetit - Label,Bon Appetit - Points,Epicurious - Label,Epicurious - Points,Serious Eats - Label,Serious Eats - Points,The Kitchn - Label,The Kitchn - Points,Today - Label,Today - Points,Why Picked
"Misen Carbon Nonstick Frying Pan, 10""",Best Overall,198.57,5.0,3,An ultra-durable nonstick alternative,1.5,,,The Best Induction Compatible Nonstick Skillet,1.5,The Best Overall,2.0,,,Highest weighted score (5.0 pts from 3 source(s)).
"OXO Professional Frying Pan, 10""",Best Upgrade,216.96,3.0,2,,,Best Budget Pick,1.5,,,,,Splurge-worthy,1.5,Highest score above $100 (3.0 pts from 2 source(s)).
"Carote Nonstick Frying Pan, 10""",Best Budget,19.97,2.5,2,,,,,,,Mentioned,1.0,Budget-friendly,1.5,Highest score under $40 (2.5 pts from 2 source(s)).
"Tramontina Professional Nonstick Frying Pan, 10""",Best For Specific Use Case,49.95,2.5,2,,,,,,,Mentioned,1.0,Oven-safe,1.5,Top for 'Oven-safe' (2.5 pts from 2 source(s)).
"GreenPan Valencia Pro Hard-Anodized Ceramic Nonstick Frying Pan, 10""",,79.99,2.0,1,,,Best Overall,2.0,,,,,,,
"GreenPan Valencia Pro Hard-Anodized Ceramic Nonstick Frying Pan Set, 10"" & 12""",,184.95,2.0,1,Best overall,2.0,,,,,,,,,
"OXO Enhanced Ceramic Nonstick Frying Pan, 10""",,216.96,2.0,1,,,,,The Best Nonstick Skillet,2.0,,,,,
Sensarte Nonstick Frying Pan,,,2.0,1,,,,,,,,,Best overall,2.0,
"OXO Ceramic Professional Nonstick Frying Pan, 10""",,41.99,1.5,1,,,,,,,Another Great Option,1.5,,,
Caraway Ceramic Nonstick Frying Pan,,43.99,1.5,1,,,,,The Best Ceramic Nonstick Skillet,1.5,,,,,
Cuisinart Chef's Classic Hard-Anodized Nonstick Skillet,,55.53,1.5,1,,,,,The Best High Heat Nonstick Skillet,1.5,,,,,
"Tramontina Professional Fusion Nonstick Frying Pan, 10""",,58.65,1.5,1,,,,,Another Great Nonstick Skillet,1.5,,,,,
"Made In CeramiClad Nonstick Frying Pan, 10""",,199.0,1.5,1,A worthy splurge,1.5,,,,,,,,,
Our Place Always Pan 2.0,,263.82,1.5,1,,,,,,,,,Multi-functional,1.5,
"Calphalon Hard-Anodized Nonstick Frying Pan Set, 8"" & 10""",,,1.5,1,,,,,,,The Best on a Budget,1.5,,,
"OXO Professional Nonstick Pan Set, 8"" & 10""",,,1.5,1,Best cheap nonstick pan,1.5,,,,,,,,,
"T-Fal Ultimate Hard-Anodized Nonstick Fry Pan, 10.25""",,39.97,1.0,1,,,,,,,Mentioned,1.0,,,
"GreenPan Reserve Pro Ceramic Nonstick Frying Pan, 8""",,69.99,1.0,1,Mentioned,1.0,,,,,,,,,
"GreenPan Paris Pro Ceramic Nonstick Frying Pan, 10""",,78.34,1.0,1,Mentioned,1.0,,,,,,,,,
"Zwilling Madura Plus Nonstick Fry Pan, 11""",,89.99,1.0,1,,,,,,,Mentioned,1.0,,,
"Swiss Diamond CXD Nonstick Fry Pan, 8""",,95.95,1.0,1,Mentioned,1.0,,,,,,,,,
GreenPan Venice Pro TriPly Ceramic Nonstick Skillet,,149.99,1.0,1,Mentioned,1.0,,,,,,,,,
"GreenPan Spectra Ceramic Nonstick Frying Pan, 8""",,159.95,1.0,1,Mentioned,1.0,,,,,,,,,
"All-Clad HA1 Expert Nonstick Fry Pan, 10""",,159.99,1.0,1,,,,,,,Mentioned,1.0,,,
"Hexclad Hybrid Nonstick Fry Pan, 10""",,209.99,1.0,1,,,,,,,Mentioned,1.0,,,
"Anolon Everlast Ceramic Nonstick Frying Pan, 3-Piece Set",,,1.0,1,Mentioned,1.0,,,,,,,,,
"GreenPan GP5 Hard-Anodized Healthy Ceramic Nonstick Frying Pan, 12""",,,1.0,1,Mentioned,1.0,,,,,,,,,
"Our Place Titanium Always Pan Pro, 10.5""",,,1.0,1,,,,,,,Mentioned,1.0,,,
"PADERNO Non-Stick Champagne Frypan, 25-cm",Best Canadian Option,59.99,0,0,,,,,,,,,,,Canadian-owned brand (not reviewer-backed).
"Trudeau 10"" Heroic Non-Stick Frying Pan",,59.99,0,0,,,,,,,,,,,
"Meyer Accolade Stainless Steel 28cm/11"" Non Stick Fry Pan Skillet",,99.99,0,0,,,,,,,,,,,
The Kilne Everything Pan,,190.0,0,0,,,,,,,,,,,
Meyer Accolade 28cm Stainless Steel Non-Stick Fry Pan Skillet Made in Canada,,,0,0,,,,,,,,,,,
